Date,Year,Month,Day,Open Price,Low Price,High Price,AVG Price,Close Price,Volume
2022-01-03,2022,January,3,172.2,170.565,173.19,171.8775,172.98,5489586.0
2022-01-04,2022,January,4,172.66,172.2,174.45,173.325,173.23,4717843.0
2022-01-05,2022,January,5,173.355,173.23,175.36,174.29500000000002,173.82,6564551.0
2022-01-06,2022,January,6,173.91,173.2275,175.6,174.41375,173.86,4288788.0
2022-01-07,2022,January,7,174.09,172.61,174.69,173.65,174.08,4916044.0
2022-01-10,2022,January,10,174.4362,173.62,175.84,174.73000000000002,174.17,5056068.0
2022-01-11,2022,January,11,173.6841,171.62,174.23,172.925,174.09,6443762.0
2022-01-12,2022,January,12,173.9,172.95,174.33,173.64,173.9,5267988.0
2022-01-13,2022,January,13,173.71,173.24,174.6861,173.96305,174.18,4310283.0
2022-01-14,2022,January,14,174.57,173.4,175.94,174.67000000000002,175.64,4474579.0
2022-01-18,2022,January,18,173.62,173.15,174.76,173.95499999999998,173.96,5766125.0
2022-01-19,2022,January,19,173.96,173.57,175.96,174.765,175.21,6229784.0
2022-01-20,2022,January,20,175.41,173.84,176.88,175.36,173.94,6284161.0
2022-01-21,2022,January,21,175.3266,174.11,177.24,175.675,174.22,6753166.0
2022-01-24,2022,January,24,175.49,168.96,176.5,172.73000000000002,173.33,9272361.0
2022-01-25,2022,January,25,172.08,169.74,172.48,171.11,171.34,6536944.0
2022-01-26,2022,January,26,169.36,166.45,171.81,169.13,169.53,6841794.0
2022-01-27,2022,January,27,170.78,168.78,173.28,171.03,169.37,6545927.0
2022-01-28,2022,January,28,168.51,167.21,172.73,169.97,172.67,5796013.0
2022-01-31,2022,January,31,170.77,170.59,174.11,172.35000000000002,173.52,5908136.0
2022-02-01,2022,February,1,173.15,169.56,173.43,171.495,172.34,5952749.0
2022-02-02,2022,February,2,172.76,172.57,175.64,174.105,175.47,5766988.0
2022-02-03,2022,February,3,175.27,173.83,176.66,175.245,175.37,4632699.0
2022-02-04,2022,February,4,173.1,171.19,174.89,173.04,172.49,4592442.0
2022-02-07,2022,February,7,172.74,171.21,172.99,172.10000000000002,171.81,4813468.0
2022-02-08,2022,February,8,172.63,170.31,172.64,171.475,172.02,3957685.0
2022-02-09,2022,February,9,172.5,171.01,172.78,171.89499999999998,171.94,6780166.0
2022-02-10,2022,February,10,168.655,167.3,171.45,169.375,168.37,7899839.0
2022-02-11,2022,February,11,168.06,167.6901,170.31,169.00005,168.58,7299574.0
2022-02-14,2022,February,14,169.415,165.1,169.675,167.3875,166.7,6822570.0
2022-02-15,2022,February,15,167.217,165.261,168.25,166.75549999999998,165.96,4943851.0
2022-02-16,2022,February,16,165.63,164.54,167.195,165.8675,166.3,4161755.0
2022-02-17,2022,February,17,166.01,165.0,167.9523,166.47615000000002,166.75,5156836.0
2022-02-18,2022,February,18,167.11,166.22,168.235,167.22750000000002,167.71,5181629.0
2022-02-22,2022,February,22,168.57,166.23,168.94,167.58499999999998,168.35,7726480.0
2022-02-23,2022,February,23,169.12,166.52,169.12,167.82,166.69,5813018.0
2022-02-24,2022,February,24,165.71,160.285,166.34,163.3125,163.79,8888796.0
2022-02-25,2022,February,25,164.42,164.26,168.46,166.36,168.38,6535637.0
2022-02-28,2022,February,28,164.04,161.405,165.21,163.3075,163.74,7676988.0
2022-03-01,2022,March,1,163.07,161.3,164.4,162.85000000000002,162.27,5108127.0
2022-03-02,2022,March,2,162.98,162.49,165.82,164.155,164.52,5452091.0
2022-03-03,2022,March,3,163.97,162.8,165.19,163.995,163.27,5352221.0
2022-03-04,2022,March,4,162.0,160.92,166.5,163.70999999999998,165.75,6341095.0
2022-03-07,2022,March,7,164.07,162.13,165.15,163.64,162.45,6319483.0
2022-03-08,2022,March,8,162.38,157.69,163.97,160.82999999999998,157.87,6163724.0
2022-03-09,2022,March,9,159.81,156.4,160.06,158.23000000000002,157.4,5764927.0
2022-03-10,2022,March,10,155.79,153.37,156.25,154.81,154.51,6103671.0
2022-03-11,2022,March,11,155.45,153.48,156.885,155.1825,153.73,4762675.0
2022-03-14,2022,March,14,155.15,154.5,157.8,156.15,155.89,6075566.0
2022-03-15,2022,March,15,157.32,156.83,159.5,158.16500000000002,159.0,6203356.0
2022-03-16,2022,March,16,158.41,157.04,159.99,158.515,159.7,6299191.0
2022-03-17,2022,March,17,159.83,159.3,161.63,160.465,160.94,3587628.0
2022-03-18,2022,March,18,161.38,160.06,162.93,161.495,162.79,12040475.0
2022-03-21,2022,March,21,162.27,161.075,163.81,162.4425,162.56,5106391.0
2022-03-22,2022,March,22,162.84,162.23,164.77,163.5,164.34,5778394.0
2022-03-23,2022,March,23,164.248,162.63,165.275,163.9525,163.48,4533800.0
2022-03-24,2022,March,24,164.06,163.27,164.73,164.0,164.47,3160320.0
2022-03-25,2022,March,25,164.43,164.43,165.9,165.16500000000002,165.24,4084876.0
2022-03-28,2022,March,28,165.1,163.71,165.77,164.74,165.73,4308007.0
2022-03-29,2022,March,29,167.29,166.37,168.58,167.47500000000002,168.19,4440480.0
2022-03-30,2022,March,30,168.1,166.115,168.24,167.1775,167.96,3871556.0
2022-03-31,2022,March,31,168.37,167.27,169.3,168.28500000000003,167.38,6076177.0
2022-04-01,2022,April,1,167.89,167.37,169.93,168.65,169.76,3239641.0
2022-04-04,2022,April,4,169.11,167.45,169.39,168.42,169.32,3759985.0
2022-04-05,2022,April,5,168.32,168.32,171.38,169.85,169.5,3587439.0
2022-04-06,2022,April,6,169.92,169.485,172.7,171.0925,172.39,4294868.0
2022-04-07,2022,April,7,172.03,170.78,173.28,172.03,172.55,5041686.0
2022-04-08,2022,April,8,172.99,171.59,173.69,172.64,173.13,3883183.0
2022-04-11,2022,April,11,173.61,172.32,174.97,173.64499999999998,172.6,3825328.0
2022-04-12,2022,April,12,173.78,172.63,174.65,173.64,173.3,3924333.0
2022-04-13,2022,April,13,173.58,171.73,173.82,172.77499999999998,173.0,4394054.0
2022-04-14,2022,April,14,173.48,171.76,174.26,173.01,171.9,4834298.0
2022-04-18,2022,April,18,171.22,169.96,172.31,171.135,170.42,3086009.0
2022-04-19,2022,April,19,169.84,169.84,173.165,171.5025,172.9,3641992.0
2022-04-20,2022,April,20,173.72,173.72,175.97,174.845,175.47,4191266.0
2022-04-21,2022,April,21,175.76,174.65,177.24,175.945,174.84,3701297.0
2022-04-22,2022,April,22,174.99,171.94,175.27,173.60500000000002,172.15,5864027.0
2022-04-25,2022,April,25,173.21,171.0,173.92,172.45999999999998,173.74,7369911.0
2022-04-26,2022,April,26,173.97,172.73,175.3486,174.0393,173.3,7372662.0
2022-04-27,2022,April,27,173.42,173.19,176.69,174.94,174.85,5180479.0
2022-04-28,2022,April,28,174.53,173.82,177.62,175.72,177.5,5235831.0
2022-04-29,2022,April,29,177.41,171.41,177.41,174.41,171.71,6505570.0
2022-05-02,2022,May,2,172.995,165.27,173.46,169.365,167.76,7692131.0
2022-05-03,2022,May,3,169.14,166.58,169.31,167.945,167.99,5564864.0
2022-05-04,2022,May,4,167.61,167.61,174.12,170.865,173.86,6224120.0
2022-05-05,2022,May,5,173.1,169.08,173.32,171.2,170.39,6534321.0
2022-05-06,2022,May,6,169.24,168.72,170.8,169.76,170.41,5824752.0
2022-05-09,2022,May,9,169.66,168.76,172.885,170.8225,171.7,7269081.0
2022-05-10,2022,May,10,173.12,170.75,174.54,172.64499999999998,171.49,5936727.0
2022-05-11,2022,May,11,170.82,169.92,172.41,171.165,170.66,5376851.0
2022-05-12,2022,May,12,171.25,168.16,171.99,170.075,170.4,6473535.0
2022-05-13,2022,May,13,170.7,169.46,174.16,171.81,173.72,4714614.0
2022-05-16,2022,May,16,173.71,173.4201,176.3,174.86005,175.47,5317216.0
2022-05-17,2022,May,17,175.31,172.58,175.68,174.13,174.46,5012159.0
2022-05-18,2022,May,18,173.6855,162.92,173.87,168.39499999999998,163.65,8875409.0
2022-05-19,2022,May,19,162.5,159.6656,162.78,161.2228,161.2,6423817.0
2022-05-20,2022,May,20,162.24,159.62,163.06,161.34,162.21,5768823.0
2022-05-23,2022,May,23,164.21,163.57,166.95,165.26,165.6,4657761.0
2022-05-24,2022,May,24,166.02,165.1555,168.255,166.70524999999998,167.82,6327782.0
2022-05-25,2022,May,25,167.85,166.96,169.49,168.22500000000002,168.97,5781034.0
2022-05-26,2022,May,26,168.96,168.96,171.09,170.025,170.11,5193863.0
2022-05-27,2022,May,27,171.26,170.2,171.81,171.005,171.77,6713600.0
2022-05-31,2022,May,31,170.98,165.37,170.98,168.175,167.75,13609993.0
2022-06-01,2022,June,1,168.18,163.82,168.38,166.1,166.49,5613940.0
2022-06-02,2022,June,2,165.62,162.645,166.75,164.6975,166.68,4677458.0
2022-06-03,2022,June,3,165.859,164.36,166.59,165.47500000000002,164.85,4222131.0
2022-06-06,2022,June,6,166.46,164.725,167.62,166.1725,165.54,3447947.0
2022-06-07,2022,June,7,165.68,164.22,166.86,165.54000000000002,166.56,4168296.0
2022-06-08,2022,June,8,165.74,165.11,166.81,165.96,165.73,2646900.0
2022-06-09,2022,June,9,165.19,162.67,166.93,164.8,162.78,3522973.0
2022-06-10,2022,June,10,160.97,159.45,163.918,161.684,162.52,5204718.0
2022-06-13,2022,June,13,160.53,159.06,162.87,160.965,159.74,6300708.0
2022-06-14,2022,June,14,160.0,154.8576,160.05,157.4538,156.12,6159174.0
2022-06-15,2022,June,15,157.92,155.93,159.84,157.885,157.79,5940075.0
2022-06-16,2022,June,16,156.63,155.11,158.46,156.78500000000003,157.03,7207930.0
2022-06-17,2022,June,17,157.03,156.165,158.99,157.5775,157.06,9881835.0
2022-06-21,2022,June,21,158.17,157.35,160.96,159.155,160.71,4449779.0
2022-06-22,2022,June,22,160.33,159.56,162.99,161.275,162.03,4706643.0
2022-06-23,2022,June,23,163.78,163.15,165.14,164.14499999999998,164.1,5810719.0
2022-06-24,2022,June,24,165.64,163.94,166.19,165.065,166.13,5951692.0
2022-06-27,2022,June,27,165.87,165.34,167.13,166.235,166.35,4595815.0
2022-06-28,2022,June,28,167.15,163.85,168.45,166.14999999999998,164.01,4391330.0
2022-06-29,2022,June,29,166.06,165.35,167.56,166.45499999999998,166.73,3653622.0
2022-06-30,2022,June,30,167.13,165.63,167.58,166.60500000000002,166.66,6295089.0
2022-07-01,2022,July,1,166.74,165.76,169.52,167.64,169.39,3918710.0
2022-07-05,2022,July,5,168.63,165.33,169.39,167.36,169.01,4971671.0
2022-07-06,2022,July,6,170.0,169.48,171.95,170.71499999999997,170.7,4209229.0
2022-07-07,2022,July,7,169.52,169.38,171.04,170.20999999999998,170.36,5150219.0
2022-07-08,2022,July,8,170.57,170.55,172.7,171.625,171.88,3483014.0
2022-07-11,2022,July,11,171.41,170.02,172.8,171.41000000000003,170.47,4929822.0
2022-07-12,2022,July,12,173.0,168.87,173.32,171.095,169.5,5201629.0
2022-07-13,2022,July,13,168.54,167.98,171.44,169.70999999999998,170.1,4533125.0
2022-07-14,2022,July,14,168.29,167.7,171.1601,169.43005,170.98,4218307.0
2022-07-15,2022,July,15,171.34,170.02,172.92,171.47,171.12,4659092.0
2022-07-18,2022,July,18,171.15,167.85,171.24,169.54500000000002,168.26,3479707.0
2022-07-19,2022,July,19,170.25,168.6262,170.75,169.68810000000002,170.06,4201588.0
2022-07-20,2022,July,20,170.05,167.46,170.57,169.015,168.26,3460726.0
2022-07-21,2022,July,21,167.99,167.56,169.41,168.485,168.51,3088309.0
2022-07-22,2022,July,22,169.14,168.49,170.57,169.53,169.61,3757926.0
2022-07-25,2022,July,25,170.31,169.04,170.86,169.95,169.85,3357159.0
2022-07-26,2022,July,26,170.57,169.24,171.99,170.615,171.83,3732349.0
2022-07-27,2022,July,27,170.49,169.06,171.95,170.505,171.59,4479030.0
2022-07-28,2022,July,28,171.87,171.19,175.12,173.155,174.84,3134222.0
2022-07-29,2022,July,29,173.66,173.39,175.48,174.435,174.96,4215592.0
2022-08-01,2022,August,1,174.55,174.55,177.69,176.12,176.95,4034834.0
2022-08-02,2022,August,2,176.94,175.22,177.145,176.1825,175.49,3781152.0
2022-08-03,2022,August,3,175.08,174.24,177.06,175.65,176.83,4401333.0
2022-08-04,2022,August,4,176.42,174.575,176.74,175.6575,175.87,3822568.0
2022-08-05,2022,August,5,174.39,172.4,174.7,173.55,174.55,3295615.0
2022-08-08,2022,August,8,175.79,173.32,175.97,174.64499999999998,173.85,2846584.0
2022-08-09,2022,August,9,174.79,173.9579,175.23,174.59395,174.5,3228826.0
2022-08-10,2022,August,10,175.81,174.72,176.43,175.575,175.94,4041101.0
2022-08-11,2022,August,11,176.36,174.67,177.12,175.89499999999998,175.04,2743920.0
2022-08-12,2022,August,12,175.93,175.38,177.38,176.38,177.33,3756404.0
2022-08-15,2022,August,15,177.77,176.8,179.36,178.08,179.28,3043178.0
2022-08-16,2022,August,16,179.78,178.64,180.7,179.67,180.32,3395730.0
2022-08-17,2022,August,17,180.1,179.72,181.07,180.39499999999998,180.22,2666289.0
2022-08-18,2022,August,18,180.82,179.94,180.93,180.435,180.4,3010644.0
2022-08-19,2022,August,19,179.76,179.32,181.01,180.165,180.17,3703971.0
2022-08-22,2022,August,22,180.135,178.02,180.47,179.245,178.45,3384988.0
2022-08-23,2022,August,23,177.82,177.29,178.86,178.075,178.37,2574995.0
2022-08-24,2022,August,24,178.37,178.11,179.5,178.805,179.26,3340557.0
2022-08-25,2022,August,25,179.03,177.39,179.35,178.37,179.27,3401795.0
2022-08-26,2022,August,26,179.96,174.67,179.98,177.325,175.04,5246614.0
2022-08-29,2022,August,29,174.55,173.21,175.29,174.25,174.49,4168579.0
2022-08-30,2022,August,30,174.34,172.33,174.685,173.5075,172.99,4026406.0
2022-08-31,2022,August,31,173.81,172.2,174.41,173.305,172.27,5597882.0
2022-09-01,2022,September,1,170.9201,170.24,172.98,171.61,172.85,4846285.0
2022-09-02,2022,September,2,173.72,169.89,174.97,172.43,170.66,5801495.0
2022-09-06,2022,September,6,170.98,169.125,172.59,170.85750000000002,169.51,4898025.0
2022-09-07,2022,September,7,170.62,169.93,173.775,171.85250000000002,173.25,6074572.0
2022-09-08,2022,September,8,172.78,170.56,173.43,171.995,172.67,3888130.0
2022-09-09,2022,September,9,172.65,171.67,174.55,173.11,173.22,3662160.0
2022-09-12,2022,September,12,173.22,172.75,174.44,173.595,173.9,5953266.0
2022-09-13,2022,September,13,172.5,166.95,172.83,169.89,167.41,6926199.0
2022-09-14,2022,September,14,168.12,167.57,169.19,168.38,168.68,5156886.0
2022-09-15,2022,September,15,168.53,165.335,168.56,166.9475,165.88,5460988.0
2022-09-16,2022,September,16,166.36,165.25,167.17,166.20999999999998,166.97,12012628.0
2022-09-19,2022,September,19,167.06,166.5,168.81,167.655,168.73,3720886.0
2022-09-20,2022,September,20,167.58,166.86,169.15,168.005,168.92,3872155.0
2022-09-21,2022,September,21,169.88,168.34,172.03,170.185,168.44,5134461.0
2022-09-22,2022,September,22,168.4,168.05,169.89,168.97,168.6,4286283.0
2022-09-23,2022,September,23,168.39,166.53,168.75,167.64,168.52,4565224.0
2022-09-26,2022,September,26,168.33,167.53,170.01,168.76999999999998,168.45,5326578.0
2022-09-27,2022,September,27,168.24,165.24,170.0,167.62,166.01,5400774.0
2022-09-28,2022,September,28,166.91,165.24,169.62,167.43,168.67,5480944.0
2022-09-29,2022,September,29,168.8,165.0,169.14,167.07,166.61,5167730.0
2022-09-30,2022,September,30,167.69,163.01,168.24,165.625,163.26,5971934.0
2022-10-03,2022,October,3,163.52,163.021,165.69,164.3555,165.25,5093370.0
2022-10-04,2022,October,4,167.39,165.55,168.73,167.14,167.11,4596786.0
2022-10-05,2022,October,5,166.97,163.73,167.09,165.41,166.0,3538805.0
2022-10-06,2022,October,6,165.785,162.495,166.02,164.2575,162.8,4623429.0
2022-10-07,2022,October,7,162.3,160.98,163.01,161.995,161.61,4779170.0
2022-10-10,2022,October,10,161.99,161.19,163.04,162.115,161.82,4839239.0
2022-10-11,2022,October,11,162.24,161.56,164.27,162.91500000000002,162.59,5222588.0
2022-10-12,2022,October,12,168.73,166.6,170.6993,168.64965,169.39,9795304.0
2022-10-13,2022,October,13,167.1,166.82,175.04,170.93,174.61,8412881.0
2022-10-14,2022,October,14,175.98,169.99,176.258,173.12400000000002,170.19,5939034.0
2022-10-17,2022,October,17,172.27,171.07,173.59,172.32999999999998,172.73,6401844.0
2022-10-18,2022,October,18,174.82,173.41,176.91,175.16,175.06,4547398.0
2022-10-19,2022,October,19,174.82,172.33,175.84,174.085,173.36,5200248.0
2022-10-20,2022,October,20,174.2,171.11,174.36,172.735,171.46,4313954.0
2022-10-21,2022,October,21,171.2,170.58,173.685,172.1325,173.06,5071500.0
2022-10-24,2022,October,24,174.81,174.67,177.98,176.325,177.68,5316608.0
2022-10-25,2022,October,25,178.12,176.61,178.87,177.74,178.27,5220027.0
2022-10-26,2022,October,26,179.26,178.32,180.9,179.61,179.07,5138962.0
2022-10-27,2022,October,27,180.37,178.57,180.93,179.75,178.88,5424089.0
2022-10-28,2022,October,28,179.7,179.48,182.93,181.20499999999998,182.23,6715501.0
2022-10-31,2022,October,31,181.18,180.54,182.98,181.76,181.58,4877164.0
2022-11-01,2022,November,1,180.94,179.89,182.8101,181.35005,180.76,4084681.0
2022-11-02,2022,November,2,180.78,178.17,183.58,180.875,178.24,4970857.0
2022-11-03,2022,November,3,176.78,176.53,178.9034,177.7167,177.78,3753759.0
2022-11-04,2022,November,4,177.92,176.53,179.79,178.16,178.78,3922495.0
2022-11-07,2022,November,7,179.52,178.83,180.62,179.72500000000002,180.21,3246087.0
2022-11-08,2022,November,8,180.44,178.8,182.11,180.455,180.71,3724937.0
2022-11-09,2022,November,9,179.95,178.4,181.07,179.735,178.55,4723633.0
2022-11-10,2022,November,10,182.65,178.56,182.92,180.74,181.7,6704136.0
2022-11-11,2022,November,11,181.13,175.44,181.69,178.565,178.05,7390702.0
2022-11-14,2022,November,14,178.67,176.5,179.18,177.84,176.73,5633044.0
2022-11-15,2022,November,15,178.04,175.42,178.7,177.06,177.19,5153752.0
2022-11-16,2022,November,16,178.3,177.72,179.63,178.675,178.33,4701109.0
2022-11-17,2022,November,17,177.49,177.43,180.16,178.79500000000002,180.03,3921298.0
2022-11-18,2022,November,18,180.21,180.02,181.84,180.93,181.33,4498176.0
2022-11-21,2022,November,21,182.27,182.09,185.13,183.61,184.82,4397577.0
2022-11-22,2022,November,22,185.81,184.37,186.62,185.495,184.84,4109601.0
2022-11-23,2022,November,23,185.0,184.5,186.08,185.29000000000002,185.08,2511122.0
2022-11-25,2022,November,25,184.58,183.94,185.0,184.47,184.11,1836993.0
2022-11-28,2022,November,28,184.4,183.51,185.4925,184.50125,183.89,6411433.0
2022-11-29,2022,November,29,183.3,181.02,183.42,182.22,182.59,4375521.0
2022-11-30,2022,November,30,181.9,180.24,185.7,182.97,185.51,7915639.0
2022-12-01,2022,December,1,185.48,184.155,186.33,185.2425,185.9,4683431.0
2022-12-02,2022,December,2,184.0,183.8394,186.31,185.0747,185.69,3547756.0
2022-12-05,2022,December,5,183.43,182.32,183.94,183.13,183.12,4083270.0
2022-12-06,2022,December,6,183.75,180.695,184.29,182.4925,181.63,5835166.0
2022-12-07,2022,December,7,181.81,180.69,182.45,181.57,182.18,4241812.0
2022-12-08,2022,December,8,181.81,181.26,183.98,182.62,183.78,3800879.0
2022-12-09,2022,December,9,184.21,183.05,184.21,183.63,183.1,3116234.0
2022-12-12,2022,December,12,184.18,182.355,184.18,183.26749999999998,183.97,4691428.0
2022-12-13,2022,December,13,186.48,182.94,186.84,184.89,183.87,5634889.0
2022-12-14,2022,December,14,184.07,182.13,185.88,184.005,183.36,5392483.0
2022-12-15,2022,December,15,181.98,178.39,182.712,180.551,180.25,6128214.0
2022-12-16,2022,December,16,180.08,178.48,181.19,179.83499999999998,180.34,15708093.0
2022-12-19,2022,December,19,180.86,180.35,183.47,181.91,181.34,4447962.0
2022-12-20,2022,December,20,181.815,180.64,182.25,181.445,181.23,3249006.0
2022-12-21,2022,December,21,181.55,181.4,183.68,182.54000000000002,182.5,4237039.0
2022-12-22,2022,December,22,181.86,178.9166,182.05,180.48329999999999,181.09,4305729.0
2022-12-23,2022,December,23,180.91,180.45,182.55,181.5,182.26,2197807.0
2022-12-27,2022,December,27,183.282,182.27,183.61,182.94,183.07,3045045.0
2022-12-28,2022,December,28,184.1,181.64,184.5442,183.0921,181.75,2694335.0
2022-12-29,2022,December,29,181.92,181.89,182.86,182.375,181.98,2549240.0
2022-12-30,2022,December,30,181.38,179.29,181.96,180.625,180.66,3136222.0
2023-01-03,2023,January,3,180.59,176.57,180.75,178.66,179.41,5137404.0
2023-01-04,2023,January,4,179.41,177.55,180.54,179.04500000000002,178.97,4771321.0
2023-01-05,2023,January,5,177.96,176.86,178.77,177.815,177.1,3647074.0
2023-01-06,2023,January,6,178.81,178.8,181.83,180.315,181.1,3713163.0
2023-01-09,2023,January,9,180.44,178.81,182.77,180.79000000000002,179.33,3319247.0
2023-01-10,2023,January,10,178.79,177.09,179.53,178.31,177.85,3817303.0
2023-01-11,2023,January,11,179.39,175.68,179.71,177.695,178.05,4370110.0
2023-01-12,2023,January,12,177.66,175.32,178.37,176.845,175.78,4246606.0
2023-01-13,2023,January,13,175.4,174.165,175.73,174.9475,175.24,4720397.0
2023-01-17,2023,January,17,176.15,175.49,177.5525,176.52125,176.06,5032644.0
2023-01-18,2023,January,18,175.24,171.33,175.7384,173.5342,171.62,5032620.0
2023-01-19,2023,January,19,171.28,169.4775,172.17,170.82375,169.63,4720383.0
2023-01-20,2023,January,20,168.945,167.46,169.89,168.675,169.88,5779109.0
2023-01-23,2023,January,23,170.01,168.715,170.755,169.735,169.12,5440358.0
2023-01-24,2023,January,24,169.61,168.45,170.87,169.66,170.69,4125624.0
2023-01-25,2023,January,25,170.34,169.34,171.98,170.66,171.93,3852843.0
2023-01-26,2023,January,26,171.635,170.04,171.67,170.855,170.22,4558394.0
2023-01-27,2023,January,27,169.77,168.58,170.23,169.405,169.62,5451407.0
2023-01-30,2023,January,30,169.78,169.14,171.455,170.2975,169.48,5191504.0
2023-01-31,2023,January,31,170.2,169.32,171.07,170.195,171.02,4665460.0
2023-02-01,2023,February,1,170.88,169.51,172.32,170.915,171.56,4147699.0
2023-02-02,2023,February,2,169.46,168.5101,170.56,169.53505,169.97,5653796.0
2023-02-03,2023,February,3,170.955,167.05,171.29,169.17000000000002,169.12,5308238.0
2023-02-06,2023,February,6,169.74,169.59,172.38,170.985,171.82,5640124.0
2023-02-07,2023,February,7,170.29,169.26,172.03,170.64499999999998,171.56,6044700.0
2023-02-08,2023,February,8,171.0,170.24,171.33,170.78500000000003,171.16,5687332.0
2023-02-09,2023,February,9,175.3199,172.04,176.49,174.265,172.78,9619391.0
2023-02-10,2023,February,10,173.12,172.65,176.59,174.62,176.2,6176023.0
2023-02-13,2023,February,13,176.26,176.04,178.225,177.1325,177.77,5205130.0
2023-02-14,2023,February,14,177.1,174.79,177.245,176.01749999999998,175.77,5203003.0
2023-02-15,2023,February,15,175.0,174.59,176.05,175.32,176.01,4125761.0
2023-02-16,2023,February,16,174.74,174.54,176.9,175.72,175.51,4973168.0
2023-02-17,2023,February,17,175.155,174.83,176.42,175.625,176.28,3952139.0
2023-02-21,2023,February,21,175.58,174.67,177.41,176.04,176.18,5797271.0
2023-02-22,2023,February,22,176.72,175.77,177.43,176.60000000000002,176.12,5299484.0
2023-02-23,2023,February,23,176.66,174.99,176.99,175.99,176.31,3801421.0
2023-02-24,2023,February,24,175.46,174.29,176.33,175.31,175.96,2959174.0
2023-02-27,2023,February,27,176.97,175.65,177.25,176.45,175.91,3208625.0
2023-02-28,2023,February,28,174.88,173.195,175.06,174.1275,173.53,4317286.0
2023-03-01,2023,March,1,172.32,169.12,172.46,170.79000000000002,171.33,5359107.0
2023-03-02,2023,March,2,170.51,169.78,173.76,171.76999999999998,173.32,4476403.0
2023-03-03,2023,March,3,173.0,171.33,173.45,172.39,173.15,3627092.0
2023-03-06,2023,March,6,172.22,172.22,173.66,172.94,173.5,3611369.0
2023-03-07,2023,March,7,173.67,171.87,174.255,173.0625,172.64,4095127.0
2023-03-08,2023,March,8,172.68,171.78,173.36,172.57,173.11,2920414.0
2023-03-09,2023,March,9,173.62,171.2,174.36,172.78,171.8,4042139.0
2023-03-10,2023,March,10,172.53,170.96,174.24,172.60000000000002,172.03,4129912.0
2023-03-13,2023,March,13,172.76,172.61,177.23,174.92000000000002,173.71,8265278.0
2023-03-14,2023,March,14,172.49,171.57,173.81,172.69,173.53,6480773.0
2023-03-15,2023,March,15,173.53,173.185,176.66,174.9225,176.63,7099919.0
2023-03-16,2023,March,16,176.61,175.32,177.0,176.16,176.51,4734372.0
2023-03-17,2023,March,17,176.51,174.23,176.69,175.45999999999998,175.13,8854570.0
2023-03-20,2023,March,20,176.5,175.51,177.68,176.595,177.59,4366983.0
2023-03-21,2023,March,21,177.66,176.28,178.17,177.225,178.01,3812191.0
2023-03-22,2023,March,22,177.84,176.42,179.37,177.89499999999998,176.51,4380780.0
2023-03-23,2023,March,23,176.06,175.02,177.22,176.12,175.65,4655692.0
2023-03-24,2023,March,24,176.53,176.39,179.34,177.865,179.09,3713938.0
2023-03-27,2023,March,27,179.575,179.31,180.65,179.98000000000002,179.49,4078583.0
2023-03-28,2023,March,28,179.33,179.33,180.46,179.895,179.43,2850005.0
2023-03-29,2023,March,29,180.65,179.985,180.91,180.4475,180.67,4495971.0
2023-03-30,2023,March,30,181.0,180.075,181.33,180.7025,180.83,2742969.0
2023-03-31,2023,March,31,182.16,181.32,182.49,181.905,182.3,4480030.0
2023-04-03,2023,April,3,181.9,180.4,182.76,181.57999999999998,182.5,3902505.0
2023-04-04,2023,April,4,182.18,181.1,183.36,182.23000000000002,181.85,3306483.0
2023-04-05,2023,April,5,183.25,183.0604,184.96,184.0102,183.64,3826373.0
2023-04-06,2023,April,6,183.302,183.1,184.74,183.92000000000002,184.36,3389758.0
2023-04-10,2023,April,10,183.83,181.69,183.895,182.79250000000002,183.2,2408256.0
2023-04-11,2023,April,11,183.42,182.76,183.88,183.32,182.92,3586784.0
2023-04-12,2023,April,12,182.69,182.25,183.78,183.015,182.56,3620885.0
2023-04-13,2023,April,13,182.62,182.105,184.61,183.35750000000002,184.38,4303630.0
2023-04-14,2023,April,14,183.335,182.9201,184.02,183.47005000000001,183.51,2573142.0
2023-04-17,2023,April,17,184.19,183.4808,184.75,184.1154,184.45,3203941.0
2023-04-18,2023,April,18,184.77,183.74,185.2199,184.47995,184.83,2438554.0
2023-04-19,2023,April,19,185.2401,184.255,185.32,184.7875,184.72,2209904.0
2023-04-20,2023,April,20,184.84,184.2,186.035,185.1175,185.33,3868174.0
2023-04-21,2023,April,21,185.99,185.13,186.38,185.755,185.41,3781932.0
2023-04-24,2023,April,24,186.5,185.02,186.57,185.79500000000002,185.5,3540199.0
2023-04-25,2023,April,25,186.56,186.24,190.18,188.21,189.71,6231626.0
2023-04-26,2023,April,26,188.48,187.87,189.42,188.64499999999998,188.54,4424409.0
2023-04-27,2023,April,27,188.18,187.51,189.95,188.73,189.69,4574524.0
2023-04-28,2023,April,28,189.9,189.64,191.62,190.63,190.89,4608944.0
2023-05-01,2023,May,1,190.45,190.28,192.325,191.3025,191.68,3137839.0
2023-05-02,2023,May,2,191.36,189.75,192.5,191.125,192.25,3712247.0
2023-05-03,2023,May,3,192.58,191.78,193.25,192.515,192.18,3389644.0
2023-05-04,2023,May,4,193.08,192.155,193.95,193.0525,193.38,4267611.0
2023-05-05,2023,May,5,192.82,192.39,194.48,193.435,194.27,4146515.0
2023-05-08,2023,May,8,193.4,192.65,194.0,193.325,193.35,2249855.0
2023-05-09,2023,May,9,193.86,192.71,194.67,193.69,194.14,3087644.0
2023-05-10,2023,May,10,194.11,192.6749,195.58,194.12745,194.27,4352899.0
2023-05-11,2023,May,11,194.28,192.9975,195.52,194.25875000000002,195.34,3690431.0
2023-05-12,2023,May,12,195.34,194.95,196.22,195.58499999999998,196.12,2740969.0
2023-05-15,2023,May,15,196.57,194.0,196.88,195.44,194.27,2946589.0
2023-05-16,2023,May,16,194.48,192.54,194.48,193.51,193.43,5803757.0
2023-05-17,2023,May,17,193.31,190.84,193.585,192.2125,192.06,4878900.0
2023-05-18,2023,May,18,191.32,190.41,191.71,191.06,191.56,3709407.0
2023-05-19,2023,May,19,192.46,191.1,192.86,191.98000000000002,191.84,3883181.0
2023-05-22,2023,May,22,191.19,186.41,191.39,188.89999999999998,186.64,5786972.0
2023-05-23,2023,May,23,186.49,184.59,186.63,185.61,186.07,6382250.0
2023-05-24,2023,May,24,186.27,184.37,186.74,185.555,184.89,3721022.0
2023-05-25,2023,May,25,182.7,181.95,184.22,183.08499999999998,183.8,4712884.0
2023-05-26,2023,May,26,183.71,182.395,184.25,183.3225,183.58,4449346.0
2023-05-30,2023,May,30,182.055,180.7,183.09,181.89499999999998,181.61,4331831.0
2023-05-31,2023,May,31,182.86,181.46,184.62,183.04000000000002,182.35,19931685.0
2023-06-01,2023,June,1,182.42,180.8,182.69,181.745,182.19,5277433.0
2023-06-02,2023,June,2,182.02,181.7,184.29,182.995,184.06,4288433.0
2023-06-05,2023,June,5,183.85,183.61,186.17,184.89,184.19,4311675.0
2023-06-06,2023,June,6,184.98,180.43,185.12,182.775,181.56,3975572.0
2023-06-07,2023,June,7,180.71,179.7,181.74,180.72,180.11,5162657.0
2023-06-08,2023,June,8,179.7,179.33,182.3,180.815,182.1,4036711.0
2023-06-09,2023,June,9,181.71,181.0,182.83,181.91500000000002,182.35,3200319.0
2023-06-12,2023,June,12,182.49,180.69,182.73,181.70999999999998,181.9,4207398.0
2023-06-13,2023,June,13,182.13,181.08,182.19,181.635,181.54,2838752.0
2023-06-14,2023,June,14,182.0,181.435,183.65,182.54250000000002,183.17,3559268.0
2023-06-15,2023,June,15,184.26,183.52,186.17,184.845,185.71,4326317.0
2023-06-16,2023,June,16,186.14,185.7,187.585,186.64249999999998,186.04,8925706.0
2023-06-20,2023,June,20,186.54,185.24,187.87,186.555,185.31,4155059.0
2023-06-21,2023,June,21,185.72,184.188,186.88,185.534,185.43,3832395.0
2023-06-22,2023,June,22,186.73,185.87,187.58,186.72500000000002,187.35,3186126.0
2023-06-23,2023,June,23,188.0,185.95,188.0,186.975,186.07,7592675.0
2023-06-26,2023,June,26,186.16,184.1203,186.43,185.27515,184.89,3706278.0
2023-06-27,2023,June,27,184.67,183.96,186.61,185.28500000000003,186.22,5763039.0
2023-06-28,2023,June,28,186.25,183.38,186.74,185.06,183.7,5194077.0
2023-06-29,2023,June,29,183.25,181.39,183.89,182.64,183.88,5770445.0
2023-06-30,2023,June,30,184.04,183.88,185.52,184.7,185.22,7635186.0
2023-07-03,2023,July,3,184.3,183.47,185.64,184.555,185.6,2388969.0
2023-07-05,2023,July,5,185.0,184.97,186.69,185.82999999999998,186.58,5277266.0
2023-07-06,2023,July,6,185.81,184.8925,186.75,185.82125000000002,186.6,5592489.0
2023-07-07,2023,July,7,185.82,183.03,185.88,184.45499999999998,183.08,6310132.0
2023-07-10,2023,July,10,184.07,183.775,185.91,184.8425,184.3,5508816.0
2023-07-11,2023,July,11,184.38,182.415,184.726,183.57049999999998,183.98,3915229.0
2023-07-12,2023,July,12,183.98,182.975,184.61,183.79250000000002,183.17,6080078.0
2023-07-13,2023,July,13,185.8,183.26,188.06,185.66,187.53,8223095.0
2023-07-14,2023,July,14,187.86,187.085,188.625,187.85500000000002,188.21,4467604.0
2023-07-17,2023,July,17,186.34,185.42,187.005,186.21249999999998,185.63,5637931.0
2023-07-18,2023,July,18,185.44,183.82,186.82,185.32,184.45,5684103.0
2023-07-19,2023,July,19,185.0,184.424,186.6,185.512,186.26,4140799.0
2023-07-20,2023,July,20,187.5,186.81,189.99,188.4,189.3,5056531.0
2023-07-21,2023,July,21,190.105,189.3,191.47,190.385,190.16,15022092.0
2023-07-24,2023,July,24,190.59,190.14,191.43,190.785,190.92,4226701.0
2023-07-25,2023,July,25,190.41,190.06,192.01,191.035,191.36,3521616.0
2023-07-26,2023,July,26,191.12,190.06,192.38,191.22,191.6,3898895.0
2023-07-27,2023,July,27,192.0,188.4,192.2925,190.34625,188.53,4141834.0
2023-07-28,2023,July,28,190.14,189.79,191.37,190.57999999999998,190.31,5602369.0
2023-07-31,2023,July,31,189.45,186.85,189.59,188.22,187.46,5688218.0
2023-08-01,2023,August,1,187.49,186.4,188.6,187.5,186.82,2854164.0
2023-08-02,2023,August,2,186.59,186.4,189.97,188.185,188.31,4286293.0
2023-08-03,2023,August,3,188.17,186.97,189.22,188.095,187.12,2857659.0
2023-08-04,2023,August,4,187.12,184.35,188.01,186.18,184.6,4651062.0
2023-08-07,2023,August,7,185.28,185.1,187.21,186.155,186.89,3323542.0
2023-08-08,2023,August,8,187.2,184.03,187.48,185.755,184.44,5018032.0
2023-08-09,2023,August,9,183.88,182.625,185.0,183.8125,183.98,4413095.0
2023-08-10,2023,August,10,184.22,183.53,185.59,184.56,183.75,3727433.0
2023-08-11,2023,August,11,184.0,183.28,184.28,183.78,184.04,2873848.0
2023-08-14,2023,August,14,184.39,183.13,184.86,183.995,183.62,3385717.0
2023-08-15,2023,August,15,183.15,181.13,183.46,182.29500000000002,181.35,3331931.0
2023-08-16,2023,August,16,181.6,180.95,182.95,181.95,181.21,2633918.0
2023-08-17,2023,August,17,181.21,178.32,181.41,179.865,178.45,4503030.0
2023-08-18,2023,August,18,178.46,177.27,179.55,178.41000000000003,178.18,6020451.0
2023-08-21,2023,August,21,177.73,176.23,177.96,177.095,177.05,4284317.0
2023-08-22,2023,August,22,176.18,175.31,176.82,176.065,175.7,3491524.0
2023-08-23,2023,August,23,177.25,176.37,178.28,177.325,178.12,4042732.0
2023-08-24,2023,August,24,178.01,177.1,180.4399,178.76995,177.18,5710041.0
2023-08-25,2023,August,25,178.06,177.84,179.71,178.775,179.42,4710679.0
2023-08-28,2023,August,28,180.82,179.344,181.18,180.262,180.25,3189757.0
2023-08-29,2023,August,29,180.3,179.015,181.22,180.1175,180.93,4368626.0
2023-08-30,2023,August,30,181.46,180.72,182.26,181.49,181.08,3153432.0
2023-08-31,2023,August,31,179.34,177.86,179.63,178.745,177.92,5566735.0
2023-09-01,2023,September,1,178.73,174.6362,178.81,176.7231,175.32,4801361.0
2023-09-05,2023,September,5,175.265,173.645,175.88,174.7625,174.16,5081845.0
2023-09-06,2023,September,6,174.92,173.48,174.99,174.235,174.73,5933800.0
2023-09-07,2023,September,7,175.85,175.21,177.055,176.1325,176.4,4934402.0
2023-09-08,2023,September,8,175.81,175.61,177.15,176.38,176.27,2995127.0
2023-09-11,2023,September,11,176.83,176.83,179.43,178.13,178.93,4512875.0
2023-09-12,2023,September,12,178.74,177.795,178.92,178.3575,178.27,3331234.0
2023-09-13,2023,September,13,178.33,178.21,180.14,179.175,179.68,3781554.0
2023-09-14,2023,September,14,179.94,179.33,181.69,180.51,181.23,4118298.0
2023-09-15,2023,September,15,181.41,179.61,181.82,180.715,179.84,11661176.0
2023-09-18,2023,September,18,181.0,178.43,181.0,179.715,179.38,3182752.0
2023-09-19,2023,September,19,178.86,177.3,179.13,178.215,178.32,3369556.0
2023-09-20,2023,September,20,179.09,177.56,179.419,178.48950000000002,178.38,3696292.0
2023-09-21,2023,September,21,178.1,175.13,178.33,176.73000000000002,175.38,5351155.0
2023-09-22,2023,September,22,174.94,174.37,176.39,175.38,175.27,4542456.0
2023-09-25,2023,September,25,174.68,173.18,175.44,174.31,174.33,3553687.0
2023-09-26,2023,September,26,173.0,171.6387,173.72,172.67935,172.52,5213692.0
2023-09-27,2023,September,27,172.31,169.025,172.69,170.85750000000002,169.57,5729854.0
2023-09-28,2023,September,28,169.93,168.175,170.18,169.1775,169.5,4841646.0
2023-09-29,2023,September,29,170.51,168.0442,170.84,169.44209999999998,169.44,5194292.0
2023-10-02,2023,October,2,169.08,167.32,169.49,168.405,169.17,3838871.0
2023-10-03,2023,October,3,168.86,167.03,170.0,168.515,167.7,4873523.0
2023-10-04,2023,October,4,168.45,167.06,169.13,168.095,168.91,4134136.0
2023-10-05,2023,October,5,168.77,159.87,168.81,164.34,160.1,10556390.0
2023-10-06,2023,October,6,158.78,155.83,160.92,158.375,160.29,12774672.0
2023-10-09,2023,October,9,160.0,158.64,161.42,160.02999999999997,161.36,7244494.0
2023-10-10,2023,October,10,164.25,162.03,165.18,163.60500000000002,164.4,11456363.0
2023-10-11,2023,October,11,165.01,161.6,165.44,163.51999999999998,162.62,7371486.0
2023-10-12,2023,October,12,162.6,157.43,162.65,160.04000000000002,158.08,9024055.0
2023-10-13,2023,October,13,158.62,157.95,160.24,159.095,160.0,6758821.0
2023-10-16,2023,October,16,161.0,159.8,161.95,160.875,161.08,5605021.0
2023-10-17,2023,October,17,160.0,159.16,161.63,160.39499999999998,160.37,6411422.0
2023-10-18,2023,October,18,161.02,160.87,163.4,162.135,162.03,6650607.0
2023-10-19,2023,October,19,161.9,160.41,162.722,161.566,160.56,6336801.0
2023-10-20,2023,October,20,161.37,159.71,162.23,160.97,160.0,5486488.0
2023-10-23,2023,October,23,159.6,159.06,161.6,160.32999999999998,160.08,5795756.0
2023-10-24,2023,October,24,160.41,159.68,162.855,161.26749999999998,162.19,5265171.0
2023-10-25,2023,October,25,162.05,161.465,163.5,162.48250000000002,162.35,4534609.0
2023-10-26,2023,October,26,162.68,161.3,163.36,162.33,161.41,5146996.0
2023-10-27,2023,October,27,162.02,158.89,162.14,160.515,159.62,5078025.0
2023-10-30,2023,October,30,161.298,160.74,162.58,161.66000000000003,162.28,4626063.0
2023-10-31,2023,October,31,162.95,161.66,163.35,162.505,163.28,5947523.0
2023-11-01,2023,November,1,163.67,162.76,165.43,164.095,164.87,6682510.0
2023-11-02,2023,November,2,164.74,164.67,167.16,165.915,166.83,5413373.0
2023-11-03,2023,November,3,168.68,166.69,168.81,167.75,166.79,4063294.0
2023-11-06,2023,November,6,165.46,165.21,167.5,166.35500000000002,166.7,5784687.0
2023-11-07,2023,November,7,166.8,166.12,167.71,166.91500000000002,167.18,4687447.0
2023-11-08,2023,November,8,168.17,166.66,168.34,167.5,167.39,4926736.0
2023-11-09,2023,November,9,167.58,165.81,167.86,166.835,166.16,5639290.0
2023-11-10,2023,November,10,167.31,164.86,167.78,166.32,166.92,5553519.0
2023-11-13,2023,November,13,167.0,166.46,168.78,167.62,167.77,5402335.0
2023-11-14,2023,November,14,167.95,166.89,168.44,167.665,168.11,6238935.0
2023-11-15,2023,November,15,168.7,166.27,168.7889,167.52945,167.25,5611162.0
2023-11-16,2023,November,16,168.39,166.4,170.0,168.2,167.71,5386432.0
2023-11-17,2023,November,17,168.05,165.77,168.25,167.01,166.76,5583290.0
2023-11-20,2023,November,20,166.0,165.72,166.77,166.245,166.52,4887350.0
2023-11-21,2023,November,21,167.11,165.9216,167.86,166.8908,167.8,3979988.0
2023-11-22,2023,November,22,168.35,168.2963,169.57,168.93315,169.22,3235732.0
2023-11-24,2023,November,24,168.95,168.95,170.02,169.485,169.37,1751667.0
2023-11-27,2023,November,27,169.7,168.09,169.7,168.89499999999998,168.32,3664714.0
2023-11-28,2023,November,28,168.38,168.02,169.76,168.89,168.86,4056190.0
2023-11-29,2023,November,29,169.1,166.65,169.12,167.885,167.16,4722423.0
2023-11-30,2023,November,30,166.11,164.82,168.36,166.59,168.29,7346920.0
2023-12-01,2023,December,1,168.37,167.38,168.85,168.115,168.69,4897439.0
2023-12-04,2023,December,4,168.4,168.19,169.92,169.055,169.14,5323333.0
2023-12-05,2023,December,5,169.15,167.71,169.5731,168.64155,167.94,4553781.0
2023-12-06,2023,December,6,167.98,166.73,168.32,167.52499999999998,167.51,4714371.0
2023-12-07,2023,December,7,168.0,166.7,168.3043,167.50215,167.46,4934842.0
2023-12-08,2023,December,8,167.04,165.27,167.12,166.195,165.68,5115158.0
2023-12-11,2023,December,11,167.44,166.46,168.13,167.29500000000002,167.82,6912556.0
2023-12-12,2023,December,12,169.28,167.71,169.28,168.495,168.47,4515820.0
2023-12-13,2023,December,13,168.54,168.12,172.05,170.085,172.01,6082063.0
2023-12-14,2023,December,14,171.65,167.94,171.97,169.95499999999998,168.25,7119267.0
2023-12-15,2023,December,15,167.45,166.45,168.51,167.48,167.0,17734645.0
2023-12-18,2023,December,18,168.06,167.41,170.25,168.82999999999998,168.91,5439517.0
2023-12-19,2023,December,19,167.935,167.31,168.83,168.07,167.95,4813467.0
2023-12-20,2023,December,20,166.51,165.67,167.465,166.5675,165.69,5157779.0
2023-12-21,2023,December,21,166.5,165.39,167.1,166.245,166.97,4374203.0
2023-12-22,2023,December,22,167.36,166.86,168.17,167.515,167.68,3030355.0
2023-12-26,2023,December,26,167.65,167.25,169.42,168.33499999999998,168.86,2779405.0
2023-12-27,2023,December,27,168.9,168.36,169.49,168.925,169.4,3497213.0
2023-12-28,2023,December,28,169.4,168.7,169.54,169.12,169.39,2911277.0
2023-12-29,2023,December,29,169.34,169.17,170.065,169.6175,169.84,3291629.0
2024-01-02,2024,January,2,169.52,169.19,172.99,171.09,172.91,5743112.0
2024-01-03,2024,January,3,175.0,172.6966,175.2,173.9483,172.95,5588224.0
2024-01-04,2024,January,4,171.61,170.58,173.53,172.055,171.47,6283225.0
2024-01-05,2024,January,5,171.57,167.56,171.57,169.565,168.94,5249557.0
2024-01-08,2024,January,8,168.94,167.79,169.73,168.76,169.11,5735563.0
2024-01-09,2024,January,9,167.79,165.93,167.89,166.91,167.17,6268763.0
2024-01-10,2024,January,10,166.59,166.2,167.96,167.07999999999998,166.92,4394876.0
2024-01-11,2024,January,11,167.14,164.82,167.14,165.98,166.13,4800727.0
2024-01-12,2024,January,12,166.34,165.57,167.38,166.475,167.27,3546260.0
2024-01-16,2024,January,16,167.27,165.19,167.52,166.35500000000002,166.17,4576842.0
2024-01-17,2024,January,17,165.99,165.435,166.727,166.08100000000002,166.44,4392400.0
2024-01-18,2024,January,18,165.47,164.99,167.28,166.135,167.17,4709362.0
2024-01-19,2024,January,19,167.14,165.57,167.24,166.405,165.78,6528578.0
2024-01-22,2024,January,22,165.96,165.02,166.705,165.8625,165.11,5697428.0
2024-01-23,2024,January,23,164.56,164.36,167.93,166.145,167.64,4932727.0
2024-01-24,2024,January,24,167.64,165.515,167.74,166.6275,165.6,4949443.0
2024-01-25,2024,January,25,165.81,164.935,166.6,165.76749999999998,166.56,5373787.0
2024-01-26,2024,January,26,166.6,166.6,168.03,167.315,167.86,4848987.0
2024-01-29,2024,January,29,167.53,167.3926,168.7,168.04629999999997,168.15,5713559.0
2024-01-30,2024,January,30,167.67,167.32,169.7,168.51,169.62,4804243.0
2024-01-31,2024,January,31,169.96,167.88,170.3838,169.1319,168.53,5769214.0
2024-02-01,2024,February,1,168.53,167.17,171.8,169.485,171.7,4920789.0
2024-02-02,2024,February,2,171.235,170.1,171.96,171.03,170.97,5307883.0
2024-02-05,2024,February,5,170.55,169.045,171.58,170.3125,170.92,5142706.0
2024-02-06,2024,February,6,171.45,169.94,171.8252,170.8826,171.42,5182879.0
2024-02-07,2024,February,7,172.63,171.38,172.9,172.14,171.47,5769679.0
2024-02-08,2024,February,8,171.72,171.41,174.1,172.755,173.85,9269699.0
2024-02-09,2024,February,9,171.2,166.97,171.39,169.18,167.67,12731739.0
2024-02-12,2024,February,12,167.86,167.2,171.0694,169.1347,170.61,7867544.0
2024-02-13,2024,February,13,171.22,167.24,171.45,169.345,168.88,7302014.0
2024-02-14,2024,February,14,168.34,166.06,168.64,167.35,167.52,5731904.0
2024-02-15,2024,February,15,167.95,166.68,168.365,167.5225,167.86,4451374.0
2024-02-16,2024,February,16,167.21,165.68,167.41,166.54500000000002,166.32,5245994.0
2024-02-20,2024,February,20,167.74,167.185,169.52,168.35250000000002,168.65,6117866.0
2024-02-21,2024,February,21,169.95,167.855,170.18,169.01749999999998,168.83,4195366.0
2024-02-22,2024,February,22,167.64,166.1,168.8298,167.4649,168.25,7539232.0
2024-02-23,2024,February,23,167.94,167.8,170.25,169.025,169.6,6409765.0
2024-02-26,2024,February,26,169.42,167.71,169.42,168.565,168.26,3836980.0
2024-02-27,2024,February,27,167.82,167.35,168.22,167.785,168.16,3567644.0
2024-02-28,2024,February,28,168.12,166.45,168.5,167.475,167.03,5275282.0
2024-02-29,2024,February,29,166.21,164.91,166.68,165.79500000000002,165.34,8489449.0
2024-03-01,2024,March,1,164.86,163.25,165.0,164.125,164.59,6109856.0
2024-03-04,2024,March,4,164.45,163.6,165.65,164.625,165.37,4303882.0
2024-03-05,2024,March,5,165.22,161.81,165.5,163.655,162.04,6631346.0
2024-03-06,2024,March,6,162.06,162.04,163.99,163.015,163.0,5302463.0
2024-03-07,2024,March,7,163.82,162.5,163.9,163.2,163.11,5801610.0
2024-03-08,2024,March,8,162.32,162.09,164.2,163.14499999999998,163.05,6065294.0
2024-03-11,2024,March,11,163.92,163.31,165.42,164.365,164.73,5388012.0
2024-03-12,2024,March,12,165.14,163.96,165.42,164.69,164.54,5888448.0
2024-03-13,2024,March,13,165.1,164.74,166.14,165.44,165.3,4555287.0
2024-03-14,2024,March,14,166.26,164.2,166.26,165.23,164.78,5137611.0
2024-03-15,2024,March,15,165.06,163.64,165.38,164.51,164.66,21887267.0
2024-03-18,2024,March,18,167.05,166.95,172.18,169.565,171.26,10478533.0
2024-03-19,2024,March,19,171.1,171.0,172.65,171.825,171.8,7653926.0
2024-03-20,2024,March,20,172.3,171.12,173.1,172.11,171.86,5046920.0
2024-03-21,2024,March,21,171.92,171.05,173.42,172.235,172.45,4343007.0
2024-03-22,2024,March,22,173.02,171.76,173.1,172.43,172.02,4106531.0
2024-03-25,2024,March,25,172.2,172.108,173.09,172.599,172.6,3941985.0
2024-03-26,2024,March,26,172.17,171.815,172.97,172.39249999999998,172.73,4593166.0
2024-03-27,2024,March,27,173.998,173.05,174.69,173.87,173.57,4911274.0
2024-03-28,2024,March,28,174.76,174.37,175.81,175.09,175.01,5710539.0
2024-04-01,2024,April,1,175.57,172.65,176.23,174.44,172.98,4553536.0
2024-04-02,2024,April,2,172.94,171.36,173.87,172.615,171.44,4781596.0
2024-04-03,2024,April,3,170.0,168.7,170.92,169.81,169.68,5827098.0
2024-04-04,2024,April,4,170.92,169.33,171.78,170.555,169.65,5340447.0
2024-04-05,2024,April,5,169.4,168.065,169.97,169.01749999999998,169.14,4410447.0
2024-04-08,2024,April,8,169.15,168.74,170.05,169.395,169.58,3748077.0
2024-04-09,2024,April,9,170.225,168.73,170.72,169.725,170.61,3568857.0
2024-04-10,2024,April,10,169.57,167.77,169.63,168.7,168.95,4581676.0
2024-04-11,2024,April,11,169.62,167.77,169.87,168.82,168.36,4241563.0
2024-04-12,2024,April,12,167.69,167.32,168.51,167.915,168.1,5453736.0
2024-04-15,2024,April,15,169.21,166.03,169.35,167.69,166.95,5133181.0
2024-04-16,2024,April,16,167.03,166.89,168.51,167.7,167.5,4569689.0
2024-04-17,2024,April,17,169.09,168.21,169.7,168.95499999999998,169.48,4069200.0
2024-04-18,2024,April,18,170.1,170.1,172.68,171.39,172.27,5574662.0
2024-04-19,2024,April,19,172.28,171.8,174.27,173.03500000000003,174.13,6636697.0
2024-04-22,2024,April,22,174.41,174.03,177.2,175.615,176.46,7288701.0
2024-04-23,2024,April,23,174.7,170.14,174.88,172.51,171.22,9145041.0
2024-04-24,2024,April,24,168.5,167.65,178.09,172.87,177.41,10016685.0
2024-04-25,2024,April,25,178.28,175.82,180.63,178.225,176.68,7441497.0
2024-04-26,2024,April,26,174.44,174.34,178.57,176.45499999999998,175.58,4472102.0
2024-04-29,2024,April,29,175.5,175.02,176.315,175.66750000000002,176.14,3224473.0
2024-04-30,2024,April,30,176.27,174.8404,176.47,175.65519999999998,175.91,4465331.0
2024-05-01,2024,May,1,175.46,173.66,176.23,174.945,175.15,4340495.0
2024-05-02,2024,May,2,175.58,174.55,176.32,175.435,175.45,3964773.0
2024-05-03,2024,May,3,175.8,175.0,176.49,175.745,176.15,3492120.0
2024-05-06,2024,May,6,176.76,175.13,176.76,175.945,175.82,3576284.0
2024-05-07,2024,May,7,177.0,176.51,178.15,177.32999999999998,178.02,3707968.0
2024-05-08,2024,May,8,178.71,177.19,178.88,178.035,177.41,3400880.0
2024-05-09,2024,May,9,177.26,177.09,178.43,177.76,178.06,2421414.0
2024-05-10,2024,May,10,177.95,177.61,180.16,178.885,179.79,4201814.0
2024-05-13,2024,May,13,180.51,179.85,181.35,180.6,180.9,4408084.0
2024-05-14,2024,May,14,181.05,178.6,181.28,179.94,179.87,3508716.0
2024-05-15,2024,May,15,179.24,179.0,180.4,179.7,179.46,4785118.0
2024-05-16,2024,May,16,179.63,179.46,183.41,181.435,183.11,5984739.0
2024-05-17,2024,May,17,182.59,181.83,182.96,182.395,182.19,4449107.0
2024-05-20,2024,May,20,182.09,179.9123,182.13,181.02114999999998,180.31,3221153.0
2024-05-21,2024,May,21,181.5,179.8,181.58,180.69,181.08,3288063.0
2024-05-22,2024,May,22,180.45,179.98,182.13,181.055,182.09,4046993.0
2024-05-23,2024,May,23,181.33,179.04,181.89,180.46499999999997,179.27,4009026.0
2024-05-24,2024,May,24,179.37,177.87,179.42,178.64499999999998,177.99,3447399.0
2024-05-28,2024,May,28,176.23,171.9,176.275,174.0875,173.38,6178117.0
2024-05-29,2024,May,29,172.43,170.72,173.18,171.95,171.15,5352113.0
2024-05-30,2024,May,30,171.35,170.4,171.71,171.055,170.48,3903880.0
2024-05-31,2024,May,31,169.89,169.52,172.97,171.245,172.9,8155606.0
2024-06-03,2024,June,3,172.72,171.03,172.9,171.965,171.23,5032377.0
2024-06-04,2024,June,4,171.21,170.815,174.39,172.6025,173.89,4619065.0
2024-06-05,2024,June,5,173.84,171.96,173.97,172.965,173.49,5370688.0
2024-06-06,2024,June,6,174.0,172.675,174.4,173.53750000000002,173.2,5536694.0
2024-06-07,2024,June,7,171.5,170.75,172.51,171.63,171.04,3521165.0
2024-06-10,2024,June,10,170.11,165.62,170.37,167.995,165.9,9432639.0
2024-06-11,2024,June,11,164.87,163.51,165.46,164.485,165.07,8284512.0
2024-06-12,2024,June,12,164.88,162.4448,165.3275,163.88615,163.83,6281102.0
2024-06-13,2024,June,13,162.08,161.54,163.56,162.55,163.33,5432649.0
2024-06-14,2024,June,14,163.13,162.5291,164.39,163.45954999999998,163.81,3603340.0
2024-06-17,2024,June,17,163.49,162.79,166.41,164.6,166.14,5412239.0
2024-06-18,2024,June,18,166.1,165.25,167.07,166.16,166.48,3519509.0
2024-06-20,2024,June,20,165.73,165.73,167.64,166.685,166.68,4942417.0
2024-06-21,2024,June,21,167.21,166.45,169.07,167.76,167.28,10899240.0
2024-06-24,2024,June,24,167.5,167.09,169.6099,168.34995,168.08,4476929.0
2024-06-25,2024,June,25,168.08,167.25,168.96,168.10500000000002,167.35,4220902.0
2024-06-26,2024,June,26,165.89,164.85,167.01,165.93,166.74,4778280.0
2024-06-27,2024,June,27,166.63,165.27,167.25,166.26,166.26,4326460.0
2024-06-28,2024,June,28,165.3,164.62,166.22,165.42000000000002,164.93,8756033.0
2024-07-01,2024,July,1,165.04,162.58,166.06,164.32,162.89,4508019.0
2024-07-02,2024,July,2,163.5,162.32,164.47,163.39499999999998,163.58,4650803.0
2024-07-03,2024,July,3,162.92,161.96,164.13,163.04500000000002,162.6,2879575.0
2024-07-05,2024,July,5,162.64,162.47,164.52,163.495,164.39,4208217.0
2024-07-08,2024,July,8,163.06,161.92,163.75,162.83499999999998,162.12,5268800.0
2024-07-09,2024,July,9,162.19,161.5,162.56,162.03,161.9,5801833.0
2024-07-10,2024,July,10,161.84,160.66,163.77,162.215,163.59,7372266.0
2024-07-11,2024,July,11,159.1,158.03,164.89,161.45999999999998,163.95,10259333.0
2024-07-12,2024,July,12,164.96,164.96,168.03,166.495,166.38,6677035.0
2024-07-15,2024,July,15,166.01,163.65,166.2981,164.97405,163.86,4551803.0
2024-07-16,2024,July,16,163.41,162.84,165.04,163.94,164.76,4461676.0
2024-07-17,2024,July,17,166.04,165.8913,170.07,167.98065,169.89,7670981.0
2024-07-18,2024,July,18,168.71,168.39,172.67,170.52999999999997,170.37,6228568.0
2024-07-19,2024,July,19,170.28,168.47,170.485,169.47750000000002,169.36,5332848.0
2024-07-22,2024,July,22,169.26,167.35,169.71,168.53,167.66,5308367.0
2024-07-23,2024,July,23,167.79,166.18,168.36,167.27,166.28,3344293.0
2024-07-24,2024,July,24,166.28,164.95,168.67,166.81,168.17,5867046.0
2024-07-25,2024,July,25,169.49,168.86,173.49,171.175,171.02,6270889.0
2024-07-26,2024,July,26,170.73,170.73,172.76,171.745,172.75,5746255.0
2024-07-29,2024,July,29,172.29,170.85,173.49,172.17000000000002,173.21,4152662.0
2024-07-30,2024,July,30,172.69,171.55,173.45,172.5,173.18,4994644.0
2024-07-31,2024,July,31,173.92,172.2557,174.69,173.47285,172.67,6245571.0
2024-08-01,2024,August,1,172.53,172.5,175.56,174.03,174.96,5994458.0
2024-08-02,2024,August,2,178.84,173.84,179.95,176.89499999999998,178.04,6856083.0
2024-08-05,2024,August,5,179.52,173.16,180.91,177.035,174.04,7502535.0
2024-08-06,2024,August,6,173.28,172.36,176.21,174.28500000000003,172.49,7287051.0
2024-08-07,2024,August,7,171.62,171.33,174.39,172.86,171.79,5429077.0
2024-08-08,2024,August,8,170.21,169.81,173.0,171.405,172.37,5112483.0
2024-08-09,2024,August,9,172.09,170.39,172.78,171.58499999999998,172.39,3223163.0
2024-08-12,2024,August,12,172.24,170.705,172.87,171.78750000000002,171.42,3802411.0
2024-08-13,2024,August,13,171.62,170.22,172.42,171.32,172.37,3894698.0
2024-08-14,2024,August,14,172.23,171.93,174.34,173.135,173.71,3555959.0
2024-08-15,2024,August,15,173.71,171.83,174.3,173.065,172.52,4472137.0
2024-08-16,2024,August,16,172.52,171.1059,172.78,171.94295,172.62,4614804.0
2024-08-19,2024,August,19,172.66,172.44,173.98,173.20999999999998,173.82,3521653.0
2024-08-20,2024,August,20,173.53,172.5,176.03,174.265,175.85,5330053.0
2024-08-21,2024,August,21,175.94,174.6239,176.82,175.72195,175.21,4020749.0
2024-08-22,2024,August,22,175.83,174.7,176.08,175.39,175.74,5265989.0
2024-08-23,2024,August,23,176.63,173.67,176.68,175.175,175.87,5283617.0
2024-08-26,2024,August,26,176.32,175.73,176.84,176.285,175.97,4146861.0
2024-08-27,2024,August,27,176.31,174.52,176.88,175.7,175.3,3520562.0
2024-08-28,2024,August,28,175.55,173.35,175.7432,174.5466,173.92,3915499.0
2024-08-29,2024,August,29,173.76,171.91,173.96,172.935,172.09,4654540.0
2024-08-30,2024,August,30,172.06,171.25,173.56,172.405,172.88,8677312.0
2024-09-03,2024,September,3,172.38,171.88,177.89,174.885,177.54,7032051.0
2024-09-04,2024,September,4,177.9,176.29,179.65,177.97,178.52,6187723.0
2024-09-05,2024,September,5,178.73,177.52,179.73,178.625,179.3,5743141.0
2024-09-06,2024,September,6,177.44,177.0,178.58,177.79000000000002,177.34,6395276.0
2024-09-09,2024,September,9,177.05,175.855,178.79,177.3225,178.19,4666169.0
2024-09-10,2024,September,10,178.65,177.64,179.1,178.37,177.81,4315764.0
2024-09-11,2024,September,11,177.44,174.425,177.75,176.0875,175.78,4035975.0
2024-09-12,2024,September,12,175.78,173.95,177.69,175.82,177.25,4224894.0
2024-09-13,2024,September,13,177.445,176.365,177.96,177.16250000000002,177.36,3290404.0
2024-09-16,2024,September,16,179.0,176.35,179.425,177.8875,177.21,4940100.0
2024-09-17,2024,September,17,177.0,176.3,178.09,177.195,176.87,6305100.0
2024-09-18,2024,September,18,176.86,174.43,178.06,176.245,175.21,5307852.0
2024-09-19,2024,September,19,175.75,174.15,176.22,175.185,174.66,5504038.0
2024-09-20,2024,September,20,172.57,170.22,173.77,171.995,171.18,12198430.0
2024-09-23,2024,September,23,170.87,170.725,173.94,172.33249999999998,172.11,5350483.0
2024-09-24,2024,September,24,170.99,169.5,171.6,170.55,169.92,7837853.0
2024-09-25,2024,September,25,170.4,168.7623,170.765,169.76364999999998,169.4,4505130.0
2024-09-26,2024,September,26,169.22,168.68,171.0,169.84,169.69,5673635.0
2024-09-27,2024,September,27,169.96,169.68,171.645,170.66250000000002,170.0,7545935.0
2024-09-30,2024,September,30,170.58,169.58,171.74,170.66000000000003,170.05,5054615.0
2024-10-01,2024,October,1,171.29,169.77,171.94,170.85500000000002,171.38,7095860.0
2024-10-02,2024,October,2,171.5,168.52,171.74,170.13,169.55,5785972.0
2024-10-03,2024,October,3,168.14,167.17,169.105,168.1375,168.53,5090330.0
2024-10-04,2024,October,4,167.15,166.82,168.5,167.66,167.97,4391321.0
2024-10-07,2024,October,7,167.72,166.455,167.93,167.1925,167.21,5459506.0
2024-10-08,2024,October,8,167.72,166.85,170.65,168.75,170.42,8297792.0
2024-10-09,2024,October,9,169.38,169.1,173.28,171.19,172.54,7177529.0
2024-10-10,2024,October,10,172.07,171.22,173.06,172.14,172.99,5292404.0
2024-10-11,2024,October,11,174.0,172.87,175.175,174.0225,174.81,4720299.0
2024-10-14,2024,October,14,174.955,174.44,176.27,175.35500000000002,176.1,4536048.0
2024-10-15,2024,October,15,176.355,175.12,177.39,176.255,175.9,5802290.0
2024-10-16,2024,October,16,175.01,173.63,175.33,174.48000000000002,174.48,4400852.0
2024-10-17,2024,October,17,174.38,173.695,175.47,174.58249999999998,174.67,4125910.0
2024-10-18,2024,October,18,172.3,172.12,175.33,173.72500000000002,175.06,5097170.0
2024-10-21,2024,October,21,174.46,174.3487,177.5,175.92435,175.01,6436516.0
2024-10-22,2024,October,22,174.51,173.505,174.95,174.2275,174.37,3790452.0
2024-10-23,2024,October,23,173.7,172.47,173.84,173.155,172.95,3800654.0
2024-10-24,2024,October,24,172.92,171.7,173.535,172.6175,172.16,4244903.0
2024-10-25,2024,October,25,172.47,171.6,174.0,172.8,171.79,4442863.0
2024-10-28,2024,October,28,172.98,169.725,172.98,171.3525,169.84,5186635.0
2024-10-29,2024,October,29,169.2,166.97,169.2,168.08499999999998,167.5,5127890.0
2024-10-30,2024,October,30,167.0,166.08,167.6399,166.85995000000003,166.21,4801541.0
2024-10-31,2024,October,31,166.1,165.81,167.5048,166.6574,166.08,5582423.0
2024-11-01,2024,November,1,166.09,165.21,166.25,165.73000000000002,165.59,6339121.0
